created_at,entry_id,raw,ratio,temperature,humidity,status
2026-05-08T21:05:38+00:00,1,134,1.41877,25.2,69.7,0
2026-05-08T21:27:10+00:00,2,143,1.32545,25.2,70.6,0
2026-05-08T21:48:46+00:00,3,145,1.30628,24.8,94.1,0
2026-05-08T22:10:22+00:00,4,149,1.2695,24.8,95.2,0
2026-05-08T22:31:59+00:00,5,155,1.21787,24.8,97.2,0
2026-05-08T22:53:35+00:00,6,161,1.1701,24.8,98.4,0
2026-05-08T23:15:12+00:00,7,167,1.12576,24.8,99,0
2026-05-08T23:36:49+00:00,8,169,1.11168,24.8,99.6,0
2026-05-08T23:58:25+00:00,9,173,1.0845,24.8,100,0
2026-05-09T00:20:01+00:00,10,175,1.07137,24.8,100,0
2026-05-09T00:41:38+00:00,11,179,1.046,24.8,100,0
2026-05-09T01:03:14+00:00,12,181,1.03373,24.9,100,0
2026-05-09T01:24:50+00:00,13,183,1.02173,24.8,100,0
2026-05-09T01:46:27+00:00,14,185,1.01,24.9,100,0
2026-05-09T02:08:04+00:00,15,187,0.99851,24.9,100,0
2026-05-09T02:29:41+00:00,16,189,0.98726,24.9,100,0
2026-05-09T02:51:17+00:00,17,191,0.97626,24.9,100,0
2026-05-09T03:12:54+00:00,18,192,0.97084,24.9,100,0
2026-05-09T03:34:30+00:00,19,199,0.93443,24.9,100,0
2026-05-09T03:56:07+00:00,20,201,0.9245,24.9,100,0
2026-05-09T04:17:44+00:00,21,201,0.9245,24.9,100,0
2026-05-09T04:39:22+00:00,22,203,0.91476,24.9,100,0
2026-05-09T05:00:58+00:00,23,203,0.91476,24.9,100,0
2026-05-09T05:22:35+00:00,24,205,0.90521,24.9,100,0
2026-05-09T05:44:12+00:00,25,205,0.90521,24.9,100,0
2026-05-09T06:05:49+00:00,26,207,0.89585,24.9,100,0
2026-05-09T06:27:25+00:00,27,210,0.88213,24.8,100,0
2026-05-09T06:49:03+00:00,28,211,0.87765,24.8,100,0
2026-05-09T07:10:40+00:00,29,206,0.90051,24.8,100,0
2026-05-09T07:32:16+00:00,30,207,0.89585,24.7,100,0
2026-05-09T07:53:52+00:00,31,211,0.87765,24.7,100,0
2026-05-09T08:15:28+00:00,32,211,0.87765,24.8,100,0
2026-05-09T08:37:05+00:00,33,211,0.87765,24.7,100,0
2026-05-09T08:58:42+00:00,34,211,0.87765,24.7,100,0
2026-05-09T09:20:19+00:00,35,211,0.87765,24.7,100,0
2026-05-09T09:41:56+00:00,36,211,0.87765,24.7,100,0
2026-05-09T10:03:32+00:00,37,210,0.88213,24.7,100,0
2026-05-09T10:25:09+00:00,38,211,0.87765,24.7,100,0
2026-05-09T10:46:46+00:00,39,211,0.87765,24.7,100,0
2026-05-09T11:08:23+00:00,40,211,0.87765,24.7,100,0
2026-05-09T11:29:59+00:00,41,211,0.87765,24.7,100,0
2026-05-09T11:51:37+00:00,42,212,0.87321,24.7,100,0
2026-05-09T12:13:13+00:00,43,211,0.87765,24.7,100,0
2026-05-09T12:34:50+00:00,44,179,1.046,24.7,100,0
2026-05-09T12:56:27+00:00,45,183,1.02173,24.7,100,0
2026-05-09T13:18:03+00:00,46,185,1.01,24.8,100,0
2026-05-09T13:39:40+00:00,47,189,0.98726,24.9,100,0
2026-05-09T14:01:17+00:00,48,199,0.93443,24.9,100,0
2026-05-09T14:22:54+00:00,49,201,0.9245,24.9,100,0
2026-05-09T14:44:30+00:00,50,205,0.90521,25,100,0
2026-05-09T15:06:07+00:00,51,207,0.89585,25.1,100,0
2026-05-09T15:27:44+00:00,52,211,0.87765,25.1,100,0
2026-05-09T15:49:20+00:00,53,205,0.90521,25.1,100,0
2026-05-09T16:10:57+00:00,54,199,0.93443,25,96.8,0
2026-05-09T16:32:34+00:00,55,201,0.9245,25.1,99.1,0
2026-05-09T16:54:12+00:00,56,203,0.91476,25.1,100,0
2026-05-09T17:15:49+00:00,57,207,0.89585,25,100,0
2026-05-09T17:37:25+00:00,58,210,0.88213,25,100,0
2026-05-09T17:59:02+00:00,59,213,0.86881,25,100,0
2026-05-09T18:20:38+00:00,60,213,0.86881,24.9,100,0
2026-05-09T18:42:14+00:00,61,215,0.86013,24.9,100,0
2026-05-09T19:03:51+00:00,62,206,0.90051,24.9,100,0
2026-05-09T19:25:27+00:00,63,207,0.89585,24.9,100,0
2026-05-09T19:47:04+00:00,64,211,0.87765,24.9,100,0
2026-05-09T20:08:41+00:00,65,213,0.86881,24.9,100,0
2026-05-09T20:30:18+00:00,66,215,0.86013,24.9,100,0
2026-05-09T20:51:55+00:00,67,217,0.85161,24.9,100,0
2026-05-09T21:13:31+00:00,68,218,0.84741,24.9,100,0
2026-05-09T21:35:09+00:00,69,219,0.84325,24.9,100,0
2026-05-09T21:56:46+00:00,70,220,0.83912,24.9,100,0
2026-05-09T22:18:23+00:00,71,221,0.83504,24.8,100,0
2026-05-09T22:40:01+00:00,72,221,0.83504,24.8,100,0
2026-05-09T23:01:37+00:00,73,225,0.81905,24.9,100,0
2026-05-09T23:23:14+00:00,74,226,0.81515,24.9,100,0
2026-05-09T23:44:50+00:00,75,227,0.81127,24.9,100,0
2026-05-10T00:06:26+00:00,76,229,0.80363,24.9,100,0
2026-05-10T00:28:03+00:00,77,229,0.80363,24.9,100,0
2026-05-10T00:49:39+00:00,78,231,0.79612,24.9,100,0
2026-05-10T01:11:16+00:00,79,231,0.79612,24.9,100,0
2026-05-10T01:32:52+00:00,80,232,0.79241,24.9,100,0
2026-05-10T01:54:29+00:00,81,233,0.78873,24.9,100,0
2026-05-10T02:16:05+00:00,82,233,0.78873,24.9,100,0
2026-05-10T02:37:43+00:00,83,235,0.78148,24.9,100,0
2026-05-10T02:59:19+00:00,84,233,0.78873,24.9,100,0
2026-05-10T03:20:55+00:00,85,237,0.77434,24.9,100,0
2026-05-10T03:42:31+00:00,86,237,0.77434,24.9,100,0
2026-05-10T04:04:07+00:00,87,238,0.77082,24.9,100,0
2026-05-10T04:25:44+00:00,88,239,0.76732,24.9,100,0
2026-05-10T04:47:20+00:00,89,239,0.76732,24.9,100,0
2026-05-10T05:08:56+00:00,90,243,0.75364,24.9,100,0
2026-05-10T05:30:33+00:00,91,243,0.75364,24.9,100,0
2026-05-10T05:52:09+00:00,92,244,0.75029,24.9,100,0
2026-05-10T06:13:46+00:00,93,245,0.74696,24.9,100,0
2026-05-10T06:35:23+00:00,94,245,0.74696,24.9,100,0
2026-05-10T06:57:00+00:00,95,247,0.7404,24.9,100,0
2026-05-10T07:18:37+00:00,96,222,0.83099,24.9,100,0
2026-05-10T07:40:14+00:00,97,222,0.83099,24.9,100,0
2026-05-10T08:01:49+00:00,98,228,0.80743,24.9,100,0
2026-05-10T08:23:26+00:00,99,233,0.78873,24.9,100,0
2026-05-10T08:45:03+00:00,100,234,0.78509,24.9,100,0
2026-05-10T09:06:40+00:00,101,239,0.76732,25,100,0
2026-05-10T09:28:16+00:00,102,244,0.75029,25,100,0
2026-05-10T09:49:53+00:00,103,245,0.74696,24.9,100,0
2026-05-10T10:11:29+00:00,104,245,0.74696,24.9,100,0
2026-05-10T10:33:06+00:00,105,247,0.7404,24.9,100,0
2026-05-10T10:54:43+00:00,106,247,0.7404,24.9,100,0
2026-05-10T11:16:19+00:00,107,250,0.73074,24.9,100,0
2026-05-10T11:37:56+00:00,108,251,0.72758,24.9,100,0
2026-05-10T11:59:33+00:00,109,251,0.72758,24.9,100,0
2026-05-10T12:21:10+00:00,110,252,0.72444,24.9,100,0
2026-05-10T12:42:45+00:00,111,253,0.72132,24.9,100,0
2026-05-10T13:04:22+00:00,112,253,0.72132,24.9,100,0
2026-05-10T13:25:58+00:00,113,253,0.72132,24.9,100,0
2026-05-10T13:47:35+00:00,114,255,0.71516,24.9,100,0
2026-05-10T14:09:12+00:00,115,255,0.71516,24.9,100,0
2026-05-10T14:30:48+00:00,116,261,0.69725,24.9,100,0
2026-05-10T14:52:25+00:00,117,263,0.69146,24.9,100,0
2026-05-10T15:14:01+00:00,118,265,0.68576,24.9,100,0
2026-05-10T15:35:38+00:00,119,265,0.68576,24.9,100,0
2026-05-10T15:57:14+00:00,120,267,0.68014,24.9,100,0
2026-05-10T16:18:50+00:00,121,267,0.68014,24.9,100,0
2026-05-10T16:40:27+00:00,122,269,0.67461,24.9,100,0
2026-05-10T17:02:04+00:00,123,270,0.67187,24.9,100,0
2026-05-10T17:23:40+00:00,124,271,0.66915,24.9,100,0
2026-05-10T17:45:17+00:00,125,275,0.65849,24.9,100,0
2026-05-10T18:06:53+00:00,126,275,0.65849,24.9,100,0
2026-05-10T18:28:30+00:00,127,276,0.65587,24.9,100,0
2026-05-10T18:50:06+00:00,128,277,0.65327,24.9,100,0
2026-05-10T19:11:42+00:00,129,279,0.64813,24.9,100,0
2026-05-10T19:33:20+00:00,130,279,0.64813,24.9,100,0
2026-05-10T19:54:56+00:00,131,280,0.64559,24.9,100,0
2026-05-08T22:07:52+00:00,1,341,1.00484,22.3,65.7,0
2026-05-08T22:29:28+00:00,2,297,1.17209,22.6,65.8,0
2026-05-08T22:51:04+00:00,3,295,1.18088,23.7,88.2,0
2026-05-08T23:12:41+00:00,4,299,1.16342,23.7,92.9,0
2026-05-08T23:34:18+00:00,5,299,1.16342,23.7,95,0
2026-05-08T23:55:55+00:00,6,303,1.14642,23.7,96.3,0
2026-05-09T00:17:32+00:00,7,308,1.1258,23.7,97.3,0
2026-05-09T00:39:10+00:00,8,309,1.12175,23.7,97.9,0
2026-05-09T01:00:46+00:00,9,311,1.11374,23.6,98.5,0
2026-05-09T01:22:23+00:00,10,315,1.09802,23.6,98.8,0
2026-05-09T01:43:58+00:00,11,318,1.08649,23.6,99.2,0
2026-05-09T02:05:35+00:00,12,319,1.0827,23.6,99.4,0
2026-05-09T02:27:12+00:00,13,326,1.05679,23.6,99.6,0
2026-05-09T02:48:48+00:00,14,328,1.04959,23.6,99.7,0
2026-05-09T03:10:25+00:00,15,329,1.04602,23.5,99.8,0
2026-05-09T03:32:02+00:00,16,333,1.03196,23.5,100,0
2026-05-09T03:53:38+00:00,17,329,1.04602,23.5,100,0
2026-05-09T04:15:15+00:00,18,331,1.03895,23.5,100,0
2026-05-09T04:36:52+00:00,19,333,1.03196,23.5,100,0
2026-05-09T04:58:29+00:00,20,332,1.03545,23.5,100,0
2026-05-09T05:20:05+00:00,21,335,1.02506,23.5,100,0
2026-05-09T05:41:41+00:00,22,341,1.00484,23.5,100,0
2026-05-09T06:03:17+00:00,23,341,1.00484,23.5,100,0
2026-05-09T06:24:54+00:00,24,341,1.00484,23.5,100,0
2026-05-09T06:46:31+00:00,25,343,0.99826,23.5,100,0
2026-05-09T07:08:07+00:00,26,345,0.99175,23.5,100,0
2026-05-09T07:29:43+00:00,27,345,0.99175,23.5,100,0
2026-05-09T07:51:21+00:00,28,347,0.98532,23.5,100,0
2026-05-09T08:12:56+00:00,29,351,0.97268,23.5,100,0
2026-05-09T08:34:33+00:00,30,347,0.98532,23.8,100,0
2026-05-09T08:56:09+00:00,31,347,0.98532,23.7,100,0
2026-05-09T09:17:46+00:00,32,348,0.98213,23.7,100,0
2026-05-09T09:39:22+00:00,33,347,0.98532,23.7,100,0
2026-05-09T10:00:58+00:00,34,345,0.99175,23.7,100,0
2026-05-09T10:22:35+00:00,35,352,0.96956,23.8,100,0
2026-05-09T10:44:10+00:00,36,347,0.98532,23.9,100,0
2026-05-09T11:05:49+00:00,37,487,0.66639,23.6,66.2,0
2026-05-09T11:27:25+00:00,38,493,0.65677,23.6,67,0
2026-05-09T11:49:01+00:00,39,539,0.59013,23.6,67.8,0
2026-05-09T12:10:38+00:00,40,536,0.59413,23.6,68.6,0
2026-05-09T12:32:14+00:00,41,529,0.60363,23.6,69.4,0
2026-05-09T12:53:51+00:00,42,523,0.61198,23.6,70.2,0
2026-05-09T13:15:28+00:00,43,519,0.61765,23.6,71,0
2026-05-09T13:37:04+00:00,44,508,0.63372,23.6,71.9,0
2026-05-09T13:58:41+00:00,45,505,0.63822,23.7,72.7,0
2026-05-09T14:20:17+00:00,46,501,0.6443,23.7,73.5,0
2026-05-09T14:41:54+00:00,47,501,0.6443,23.7,74.3,0
2026-05-09T15:03:32+00:00,48,495,0.65362,23.7,75.1,0
2026-05-09T15:25:07+00:00,49,493,0.65677,23.7,75.9,0
2026-05-09T15:46:44+00:00,50,493,0.65677,23.7,76.7,0
2026-05-09T16:08:21+00:00,51,491,0.65995,23.7,77.5,0
2026-05-09T16:29:57+00:00,52,489,0.66316,23.7,78.3,0
2026-05-09T16:51:34+00:00,53,486,0.66802,23.7,79.2,0
2026-05-09T17:13:10+00:00,54,477,0.68297,23.7,80,0
2026-05-09T17:34:47+00:00,55,471,0.69325,23.7,80.8,0
2026-05-09T17:56:24+00:00,56,470,0.69499,23.7,81.6,0
2026-05-09T18:18:01+00:00,57,467,0.70025,23.7,82.4,0
2026-05-09T18:39:37+00:00,58,461,0.71098,23.7,83.2,0
2026-05-09T19:01:14+00:00,59,459,0.71461,23.7,84,0
2026-05-09T19:22:51+00:00,60,455,0.72199,23.7,84.8,0
2026-05-09T19:44:26+00:00,61,454,0.72385,23.8,85.6,0
2026-05-09T20:06:02+00:00,62,447,0.73713,23.8,86.4,0
2026-05-09T20:27:39+00:00,63,445,0.741,23.8,87.3,0
2026-05-09T20:49:16+00:00,64,439,0.75282,23.8,88,0
2026-05-09T21:10:53+00:00,65,439,0.75282,23.8,88.9,0
2026-05-09T21:32:30+00:00,66,435,0.76089,23.8,89.7,0
2026-05-09T22:15:54+00:00,67,430,0.77118,23.8,90.5,0
2026-05-09T22:34:17+00:00,68,467,0.70025,23.8,91.3,0
2026-05-09T22:55:53+00:00,69,455,0.72199,23.8,91.4,0
2026-05-09T23:17:29+00:00,70,470,0.69499,24.1,91.6,0
2026-05-09T23:39:05+00:00,71,475,0.68636,24,91.5,0
2026-05-10T00:00:41+00:00,72,478,0.68128,24,91.6,0
2026-05-10T00:22:17+00:00,73,479,0.6796,24,91.7,0
2026-05-10T00:43:54+00:00,74,476,0.68466,24,91.8,0
2026-05-10T01:05:29+00:00,75,473,0.68979,24,91.9,0
2026-05-10T01:27:06+00:00,76,471,0.69325,24,92,0
2026-05-10T01:48:43+00:00,77,463,0.70737,24,92.1,0
2026-05-10T02:10:19+00:00,78,459,0.71461,24,92.3,0
2026-05-10T02:31:55+00:00,79,456,0.72013,24,92.3,0
2026-05-10T02:53:31+00:00,80,453,0.72572,24,92.4,0
2026-05-10T03:15:07+00:00,81,455,0.72199,24,92.5,0
2026-05-10T03:36:43+00:00,82,461,0.71098,24,92.6,0
2026-05-10T03:58:20+00:00,83,459,0.71461,24,92.6,0
2026-05-10T04:19:56+00:00,84,457,0.71829,24,92.7,0
2026-05-10T04:41:32+00:00,85,457,0.71829,24,92.8,0
2026-05-10T05:03:09+00:00,86,456,0.72013,24,92.9,0
2026-05-10T05:24:45+00:00,87,457,0.71829,24,92.9,0
2026-05-10T05:46:21+00:00,88,457,0.71829,24,93,0
2026-05-10T06:07:57+00:00,89,456,0.72013,24,93.1,0
2026-05-10T06:29:33+00:00,90,447,0.73713,23.9,93.1,0
2026-05-10T06:51:10+00:00,91,457,0.71829,23.9,93.2,0
2026-05-10T07:12:47+00:00,92,456,0.72013,24,93.2,0
2026-05-10T07:34:23+00:00,93,461,0.71098,24,93.3,0
2026-05-10T07:56:00+00:00,94,468,0.69849,24,93.3,0
2026-05-10T08:17:36+00:00,95,471,0.69325,24,93.3,0
2026-05-10T08:39:13+00:00,96,471,0.69325,24,93.3,0
2026-05-10T09:00:49+00:00,97,477,0.68297,24,93.3,0
2026-05-10T09:22:25+00:00,98,469,0.69673,24,93.3,0
2026-05-10T09:44:02+00:00,99,477,0.68297,24,93.3,0
2026-05-10T15:43:39+00:00,1,275,0.96884,23.9,63,1
2026-05-10T16:08:32+00:00,2,209,0.73919,24.1,68,1
2026-05-10T16:30:09+00:00,3,221,0.69615,24,84,1
2026-05-10T16:51:46+00:00,4,231,0.6637,24.1,87.4,1
2026-05-10T17:13:23+00:00,5,237,0.64555,24.2,88.9,1
2026-05-10T17:35:00+00:00,6,244,0.6255,24.3,89.7,1
2026-05-10T17:56:36+00:00,7,249,0.61187,24.3,90.4,1
2026-05-10T18:18:14+00:00,8,254,0.59877,24.5,90.8,1
2026-05-10T19:01:38+00:00,9,263,0.57645,24.8,91.1,1
2026-05-10T19:23:15+00:00,10,264,0.57407,24.7,92.1,1
2026-05-10T19:44:53+00:00,11,267,0.56702,24.6,92.8,1
2026-05-10T20:06:30+00:00,12,268,0.5647,24.5,93.3,1
2026-05-10T20:28:09+00:00,13,273,0.55338,24.5,93.6,1
2026-05-10T20:49:47+00:00,14,275,0.54897,24.5,94,1
2026-05-10T21:11:24+00:00,15,277,0.54462,24.5,94.2,1
2026-05-10T21:33:03+00:00,16,279,0.54033,24.5,94.1,1
2026-05-10T22:16:26+00:00,17,281,0.53611,24.7,94.3,1
2026-05-10T22:38:07+00:00,18,285,0.52783,24.7,94.3,1
2026-05-10T22:59:44+00:00,19,286,0.5258,24.8,94.3,1
2026-05-10T23:21:21+00:00,20,291,0.51585,24.8,94.5,1
2026-05-10T23:42:59+00:00,21,293,0.51196,24.9,94.5,1
2026-05-10T00:04:35+00:00,22,294,0.51004,24.9,94.5,1
2026-05-10T00:26:12+00:00,23,296,0.50623,24.9,94.6,1
2026-05-10T00:47:49+00:00,24,299,0.50062,25,94.7,1
2026-05-10T01:09:25+00:00,25,301,0.49694,25.9,92.8,1
2026-05-10T01:31:01+00:00,26,301,0.49694,25.7,92.9,1
2026-05-10T01:52:37+00:00,27,302,0.49511,25.4,94.4,1
2026-05-11T02:14:13+00:00,28,301,0.49694,25.2,95,1
2026-05-11T02:35:49+00:00,29,301,0.49694,25,95.4,1
2026-05-11T02:57:25+00:00,30,303,0.4933,24.9,95.7,1
2026-05-11T03:19:01+00:00,31,303,0.4933,24.8,95.9,1
2026-05-11T03:40:37+00:00,32,303,0.4933,24.7,96,1
2026-05-11T04:02:13+00:00,33,307,0.48618,24.6,96.1,1
2026-05-11T04:23:50+00:00,34,307,0.48618,24.5,96.2,1
2026-05-11T04:45:26+00:00,35,303,0.4933,24.5,96.3,1
2026-05-11T05:07:01+00:00,36,303,0.4933,24.4,96.3,1
2026-05-11T05:28:37+00:00,37,305,0.48972,24.3,96.4,1
2026-05-11T05:50:13+00:00,38,307,0.48618,24.3,96.4,1
2026-05-11T06:11:50+00:00,39,308,0.48443,24.2,96.5,1
2026-05-11T06:33:26+00:00,40,309,0.48269,24.2,96.4,1
2026-05-11T06:55:03+00:00,41,310,0.48096,24.2,96.5,1
2026-05-11T07:16:39+00:00,42,307,0.48618,24.2,96.5,1
2026-05-11T07:38:15+00:00,43,307,0.48618,24.1,96.5,1
2026-05-11T07:59:51+00:00,44,308,0.48443,24.1,96.6,1
2026-05-11T08:21:26+00:00,45,308,0.48443,24.1,96.6,1
2026-05-11T08:43:03+00:00,46,309,0.48269,24,96.6,1
2026-05-11T09:04:38+00:00,47,303,0.4933,23.9,96.6,1
2026-05-11T09:26:14+00:00,48,307,0.48618,23.9,96.6,1
2026-05-11T09:47:50+00:00,49,307,0.48618,23.9,96.6,1
2026-05-11T10:09:27+00:00,50,307,0.48618,23.9,96.6,1
2026-05-11T10:31:03+00:00,51,307,0.48618,23.9,96.6,1
2026-05-11T10:52:39+00:00,52,307,0.48618,23.8,96.7,1
2026-05-11T11:14:15+00:00,53,307,0.48618,23.8,96.6,1
2026-05-11T11:35:51+00:00,54,307,0.48618,23.8,96.6,1
2026-05-11T11:57:27+00:00,55,306,0.48794,23.8,96.6,1
2026-05-11T12:19:03+00:00,56,305,0.48972,23.6,96.6,1
2026-05-11T12:40:39+00:00,57,307,0.48618,23.6,96.6,1
2026-05-11T13:02:16+00:00,58,308,0.48443,23.6,96.7,1
2026-05-11T13:23:51+00:00,59,311,0.47924,23.6,96.6,1
2026-05-11T13:45:28+00:00,60,307,0.48618,23.6,96.6,1
2026-05-11T14:07:04+00:00,61,309,0.48269,23.6,96.5,1
2026-05-11T14:28:40+00:00,62,309,0.48269,23.6,96.6,1
2026-05-11T14:50:15+00:00,63,309,0.48269,23.6,96.6,1
2026-05-11T15:11:52+00:00,64,311,0.47924,23.6,96.6,1
2026-05-11T15:33:28+00:00,65,313,0.47584,23.6,96.6,1
2026-05-11T15:55:05+00:00,66,313,0.47584,23.7,96.6,1
2026-05-11T16:16:41+00:00,67,313,0.47584,23.9,96.4,1
2026-05-11T16:38:17+00:00,68,313,0.47584,24,96.1,1
2026-05-11T16:59:53+00:00,69,317,0.46916,24.1,96,1
2026-05-11T17:21:30+00:00,70,316,0.47081,24.1,95.9,1
2026-05-11T17:43:07+00:00,71,317,0.46916,24.2,95.8,1
2026-05-11T18:04:42+00:00,72,318,0.46752,24.3,95.8,1
2026-05-11T18:26:17+00:00,73,320,0.46426,24.3,95.7,1
2026-05-11T18:47:53+00:00,74,326,0.45473,24.2,96.1,1
2026-05-11T19:09:29+00:00,75,319,0.46588,24.2,96.4,1
2026-05-11T19:31:05+00:00,76,327,0.45318,24.1,96.3,1
2026-05-11T19:52:42+00:00,77,327,0.45318,24.1,96.5,1
2026-05-11T20:14:17+00:00,78,327,0.45318,24,96.5,1
2026-05-11T20:35:54+00:00,79,328,0.45163,24,96.5,1
2026-05-11T20:57:30+00:00,80,328,0.45163,24,96.6,1
2026-05-11T21:19:07+00:00,81,329,0.4501,24,96.6,1
2026-05-11T21:40:45+00:00,82,329,0.4501,23.9,96.7,1
2026-05-11T22:02:22+00:00,83,331,0.44706,23.9,96.6,1
2026-05-11T22:23:58+00:00,84,329,0.4501,23.9,96.7,1
2026-05-11T22:45:35+00:00,85,331,0.44706,23.9,96.7,1
2026-05-11T23:07:12+00:00,86,328,0.45163,23.8,96.8,1
2026-05-11T23:28:48+00:00,87,329,0.4501,23.8,96.8,1
2026-05-11T23:50:25+00:00,88,331,0.44706,23.8,96.7,1
2026-05-11T00:12:02+00:00,89,331,0.44706,23.9,96.6,1
2026-05-11T00:33:39+00:00,90,331,0.44706,23.8,96.7,1
2026-05-11T00:55:16+00:00,91,329,0.4501,23.9,96.7,1
2026-05-11T01:16:52+00:00,92,332,0.44555,23.9,96.7,1
2026-05-11T01:38:28+00:00,93,331,0.44706,23.9,96.8,1
2026-05-12T02:00:05+00:00,94,333,0.44405,23.9,96.8,1
2026-05-12T02:21:41+00:00,95,333,0.44405,23.8,96.8,1
2026-05-12T02:43:18+00:00,96,333,0.44405,23.9,96.8,1
2026-05-12T03:04:54+00:00,97,333,0.44405,23.8,96.8,1
2026-05-12T03:26:31+00:00,98,333,0.44405,23.9,96.8,1
2026-05-12T03:48:08+00:00,99,334,0.44256,23.8,96.9,1
2026-05-12T04:09:44+00:00,100,337,0.43815,23.8,96.8,1
2026-05-12T04:31:21+00:00,101,335,0.44108,23.8,96.9,1
2026-05-12T04:52:57+00:00,102,337,0.43815,23.8,96.9,1
2026-05-12T05:14:33+00:00,103,335,0.44108,23.8,96.8,1
2026-05-12T05:36:10+00:00,104,338,0.43669,23.8,96.9,1
2026-05-12T05:57:46+00:00,105,339,0.43525,23.8,96.9,1
2026-05-12T06:19:22+00:00,106,337,0.43815,23.8,96.9,1
2026-05-12T06:40:58+00:00,107,339,0.43525,23.8,96.9,1
2026-05-12T07:02:35+00:00,108,339,0.43525,23.8,96.9,1
2026-05-12T07:24:11+00:00,109,339,0.43525,23.8,97,1
2026-05-12T07:45:47+00:00,110,339,0.43525,23.7,96.9,1
2026-05-12T08:07:24+00:00,111,339,0.43525,23.7,96.9,1
2026-05-12T08:29:00+00:00,112,341,0.43238,23.7,97,1
2026-05-12T08:50:37+00:00,113,340,0.43381,23.7,97,1
2026-05-12T09:12:14+00:00,114,343,0.42955,23.7,97,1
2026-05-12T09:33:51+00:00,115,341,0.43238,23.7,97,1
2026-05-12T09:55:27+00:00,116,342,0.43096,23.7,97,1
2026-05-12T10:17:04+00:00,117,343,0.42955,23.7,97,1
2026-05-12T10:38:40+00:00,118,343,0.42955,23.7,97.1,1
2026-05-12T11:00:17+00:00,119,343,0.42955,23.7,97.1,1
2026-05-12T11:21:53+00:00,120,341,0.43238,23.7,97,1
2026-05-10T20:46:06+00:00,1,172,1.09117,22.3,78.1,1
2026-05-10T21:07:47+00:00,2,327,0.54359,23.7,74.8,1
2026-05-10T21:29:24+00:00,3,361,0.48636,24.5,91.5,1
2026-05-10T21:51:00+00:00,4,377,0.463,24.7,93.7,1
2026-05-10T22:12:37+00:00,5,392,0.44283,24.8,94.6,1
2026-05-10T22:34:14+00:00,6,403,0.429,24.9,95.3,1
2026-05-10T22:55:52+00:00,7,409,0.42177,24.9,95.8,1
2026-05-10T23:17:28+00:00,8,415,0.41474,25,96.2,1
2026-05-10T23:39:06+00:00,9,423,0.40569,25,96.5,1
2026-05-11T00:00:43+00:00,10,427,0.40129,25,96.7,1
2026-05-11T00:22:19+00:00,11,431,0.39697,25,96.9,1
2026-05-11T00:43:56+00:00,12,437,0.39064,25,97.1,1
2026-05-11T01:05:32+00:00,13,440,0.38754,25,97.2,1
2026-05-11T01:27:10+00:00,14,443,0.38448,25,97.4,1
2026-05-11T01:48:45+00:00,15,447,0.38047,25.1,97.6,1
2026-05-11T02:10:21+00:00,16,453,0.37458,25.1,97.6,1
2026-05-11T02:31:58+00:00,17,456,0.37169,25.1,97.6,1
2026-05-11T02:53:34+00:00,18,458,0.36979,25.1,97.7,1
2026-05-11T03:15:11+00:00,19,461,0.36697,25.1,97.8,1
2026-05-11T03:36:46+00:00,20,463,0.3651,25.1,97.9,1
2026-05-11T03:58:24+00:00,21,466,0.36234,25.1,97.9,1
2026-05-11T04:20:01+00:00,22,469,0.35961,25.1,97.9,1
2026-05-11T04:41:37+00:00,23,469,0.35961,25.1,98,1
2026-05-11T05:03:13+00:00,24,469,0.35961,25.1,98,1
2026-05-11T05:24:49+00:00,25,472,0.35692,25.1,98,1
2026-05-11T05:46:25+00:00,26,473,0.35603,25.1,98,1
2026-05-11T06:08:02+00:00,27,474,0.35515,25.1,98,1
2026-05-11T06:29:40+00:00,28,475,0.35426,25.1,98,1
2026-05-11T06:51:17+00:00,29,477,0.35251,25.1,98,1
2026-05-11T07:12:54+00:00,30,477,0.35251,25.1,98.1,1
2026-05-11T07:34:31+00:00,31,479,0.35077,25.1,98,1
2026-05-11T07:56:07+00:00,32,481,0.34904,25.1,98.1,1
2026-05-11T08:17:44+00:00,33,483,0.34733,25.1,98.1,1
2026-05-11T08:39:20+00:00,34,483,0.34733,25.1,98,1
2026-05-11T09:00:56+00:00,35,485,0.34564,25.1,98,1
2026-05-11T09:22:33+00:00,36,487,0.34396,25.1,98,1
2026-05-11T09:44:09+00:00,37,487,0.34396,25.1,98,1
2026-05-11T10:05:46+00:00,38,487,0.34396,25.1,98,1
2026-05-11T10:27:22+00:00,39,487,0.34396,25.1,98,1
2026-05-11T10:48:58+00:00,40,488,0.34312,25.1,98.1,1
2026-05-11T11:10:34+00:00,41,489,0.34229,25.1,98.1,1
2026-05-11T11:32:12+00:00,42,489,0.34229,25.1,98.1,1
2026-05-11T11:53:49+00:00,43,490,0.34146,25.1,98.1,1
2026-05-11T12:15:25+00:00,44,491,0.34063,25.1,98,1
2026-05-11T12:37:02+00:00,45,491,0.34063,25.1,98,1
2026-05-11T12:58:40+00:00,46,491,0.34063,25.1,98,1
2026-05-11T13:20:16+00:00,47,493,0.33899,25.1,97.9,1
2026-05-11T13:41:53+00:00,48,493,0.33899,25.1,97.9,1
2026-05-11T14:03:31+00:00,49,495,0.33736,25.1,97.9,1
2026-05-11T14:25:07+00:00,50,495,0.33736,25.1,97.8,1
2026-05-11T14:46:45+00:00,51,498,0.33494,25.2,97.7,1
2026-05-11T15:08:21+00:00,52,499,0.33414,25.2,97.7,1
2026-05-11T15:29:59+00:00,53,501,0.33255,25.3,97.6,1
2026-05-11T15:51:36+00:00,54,502,0.33176,25.3,97.5,1
2026-05-11T16:13:12+00:00,55,503,0.33098,25.4,97.5,1
2026-05-11T16:34:49+00:00,56,505,0.32941,25.4,97.4,1
2026-05-11T16:56:25+00:00,57,507,0.32786,25.5,97.3,1
2026-05-11T17:18:02+00:00,58,508,0.32709,25.6,97.3,1
2026-05-11T17:39:38+00:00,59,509,0.32632,25.6,97.3,1
2026-05-11T18:01:14+00:00,60,509,0.32632,25.6,97.5,1
2026-05-11T18:22:51+00:00,61,517,0.32028,25.6,97.6,1
2026-05-11T18:44:29+00:00,62,519,0.3188,25.5,97.7,1
2026-05-11T19:06:04+00:00,63,521,0.31733,25.6,97.6,1
2026-05-11T19:27:41+00:00,64,521,0.31733,25.5,97.8,1
2026-05-11T19:49:18+00:00,65,523,0.31587,25.5,97.8,1
2026-05-11T20:10:55+00:00,66,525,0.31442,25.6,97.8,1
2026-05-11T20:32:31+00:00,67,525,0.31442,25.6,97.8,1
2026-05-11T20:54:08+00:00,68,529,0.31156,25.6,97.8,1
2026-05-11T21:15:45+00:00,69,529,0.31156,25.7,97.7,1
2026-05-11T21:37:22+00:00,70,531,0.31015,25.7,97.7,1
2026-05-11T21:58:58+00:00,71,531,0.31015,25.7,97.7,1
2026-05-11T22:20:34+00:00,72,531,0.31015,25.6,97.9,1
2026-05-11T22:42:13+00:00,73,533,0.30874,25.6,97.8,1
2026-05-11T23:03:49+00:00,74,533,0.30874,25.6,97.8,1
2026-05-11T23:25:26+00:00,75,535,0.30735,25.7,97.8,1
2026-05-11T23:47:03+00:00,76,534,0.30804,25.7,97.8,1
2026-05-12T00:08:39+00:00,77,535,0.30735,25.7,97.8,1
2026-05-12T00:30:16+00:00,78,535,0.30735,25.7,97.8,1
2026-05-12T00:51:53+00:00,79,536,0.30666,25.7,97.9,1
2026-05-12T01:13:29+00:00,80,537,0.30597,25.6,97.9,1
2026-05-12T01:35:06+00:00,81,537,0.30597,25.6,98,1
2026-05-12T01:56:42+00:00,82,539,0.30459,25.6,97.9,1
2026-05-12T02:18:19+00:00,83,539,0.30459,25.6,97.9,1
2026-05-12T02:39:55+00:00,84,539,0.30459,25.6,97.9,1
2026-05-12T03:01:31+00:00,85,539,0.30459,25.6,97.9,1
2026-05-12T03:23:08+00:00,86,540,0.30391,25.6,98,1
2026-05-12T03:44:45+00:00,87,541,0.30323,25.6,97.9,1
2026-05-12T04:06:21+00:00,88,541,0.30323,25.6,97.9,1
2026-05-12T04:27:58+00:00,89,542,0.30255,25.6,97.9,1
2026-05-12T04:49:35+00:00,90,543,0.30188,25.6,97.9,1
2026-05-12T05:11:11+00:00,91,543,0.30188,25.6,98,1
2026-05-12T05:32:48+00:00,92,543,0.30188,25.6,98,1
2026-05-12T05:54:25+00:00,93,543,0.30188,25.6,98,1
2026-05-12T06:16:01+00:00,94,547,0.2992,25.6,97.9,1
2026-05-12T06:37:38+00:00,95,547,0.2992,25.5,97.9,1
2026-05-12T06:59:14+00:00,96,549,0.29788,25.5,98,1
2026-05-12T07:20:52+00:00,97,549,0.29788,25.6,98,1
2026-05-12T12:18:27+00:00,1,511,0.32479,25,66.9,2
2026-05-12T12:40:05+00:00,2,589,0.2733,25.5,89.1,2
2026-05-12T13:01:41+00:00,3,627,0.25285,25.5,91.7,2
2026-05-12T13:23:18+00:00,4,659,0.23747,25.5,93,2
2026-05-12T13:44:54+00:00,5,661,0.23655,25.4,93.9,2
2026-05-12T14:06:30+00:00,6,671,0.23207,25.4,94.5,2
2026-05-12T14:28:07+00:00,7,683,0.22687,25.4,95,2
2026-05-12T14:49:43+00:00,8,679,0.22858,25.4,95.3,2
2026-05-12T15:11:19+00:00,9,677,0.22945,25.4,95.5,2
2026-05-12T15:32:56+00:00,10,692,0.22309,25.4,95.7,2
2026-05-12T15:54:33+00:00,11,665,0.23475,25.4,95.9,2
2026-05-12T16:16:09+00:00,12,658,0.23792,25.4,96,2
2026-05-12T16:37:45+00:00,13,660,0.23701,25.5,96,2
2026-05-12T16:59:22+00:00,14,665,0.23475,25.5,96.2,2
2026-05-12T17:20:58+00:00,15,668,0.2334,25.5,96.4,2
2026-05-12T17:42:34+00:00,16,676,0.22988,25.4,96.4,2
2026-05-12T18:04:11+00:00,17,687,0.22518,25.4,96.6,2
2026-05-12T18:25:47+00:00,18,691,0.2235,25.4,96.6,2
2026-05-12T18:47:23+00:00,19,686,0.2256,25.4,96.7,2
2026-05-12T19:09:00+00:00,20,687,0.22518,25.4,96.7,2
2026-05-12T19:30:37+00:00,21,695,0.22185,25.4,96.8,2
2026-05-12T19:52:13+00:00,22,695,0.22185,25.4,96.8,2
2026-05-12T20:13:49+00:00,23,683,0.22687,25.4,96.9,2
2026-05-12T20:35:25+00:00,24,681,0.22772,25.5,96.9,2
2026-05-12T20:57:02+00:00,25,687,0.22518,25.5,96.9,2
2026-05-12T21:18:40+00:00,26,692,0.22309,25.5,96.9,2
2026-05-12T21:40:16+00:00,27,697,0.22103,25.5,97,2
2026-05-12T22:01:52+00:00,28,700,0.21981,25.5,97,2
2026-05-12T22:23:28+00:00,29,716,0.21346,25.5,97,2
2026-05-12T22:45:05+00:00,30,696,0.22144,25.5,97,2
2026-05-12T23:06:42+00:00,31,711,0.21541,25.5,97,2
2026-05-12T23:28:18+00:00,32,724,0.2104,25.6,97.1,2
2026-05-12T23:49:54+00:00,33,719,0.2123,25.5,97.1,2
2026-05-13T00:11:31+00:00,34,713,0.21463,25.5,97.2,2
2026-05-13T00:33:07+00:00,35,717,0.21308,25.5,97.2,2
2026-05-13T00:54:43+00:00,36,695,0.22185,25.5,97.2,2
2026-05-13T01:38:06+00:00,37,672,0.23163,25.5,97.4,2
2026-05-13T01:59:42+00:00,38,677,0.22945,25.5,97.4,2
2026-05-13T02:21:19+00:00,39,683,0.22687,25.4,97.4,2
2026-05-13T02:42:55+00:00,40,686,0.2256,25.5,97.5,2
2026-05-13T03:04:30+00:00,41,687,0.22518,25.5,97.4,2
2026-05-13T03:26:07+00:00,42,687,0.22518,25.5,97.5,2
2026-05-13T03:47:43+00:00,43,691,0.2235,25.4,97.5,2
2026-05-13T04:09:19+00:00,44,697,0.22103,25.4,97.5,2
2026-05-13T04:30:56+00:00,45,697,0.22103,25.4,97.5,2
2026-05-13T04:52:32+00:00,46,727,0.20926,25.4,97.5,2
2026-05-13T05:14:08+00:00,47,732,0.2074,25.4,97.5,2
2026-05-13T05:35:43+00:00,48,729,0.20851,25.4,97.6,2
2026-05-13T05:57:19+00:00,49,731,0.20777,25.4,97.6,2
2026-05-13T06:18:55+00:00,50,737,0.20555,25.4,97.6,2
2026-05-13T06:40:30+00:00,51,735,0.20629,25.4,97.6,2
2026-05-13T07:02:07+00:00,52,731,0.20777,25.4,97.6,2
2026-05-13T07:23:43+00:00,53,729,0.20851,25.4,97.7,2
2026-05-13T07:45:19+00:00,54,713,0.21463,25.4,97.7,2
2026-05-13T08:06:56+00:00,55,724,0.2104,25.4,97.7,2
2026-05-13T08:28:32+00:00,56,723,0.21078,25.4,97.7,2
2026-05-13T08:50:08+00:00,57,724,0.2104,25.4,97.7,2
2026-05-13T09:11:44+00:00,58,752,0.20018,25.4,97.7,2
2026-05-13T09:33:21+00:00,59,759,0.19774,25.4,97.7,2
2026-05-13T09:54:58+00:00,60,785,0.18907,25.4,97.7,2
2026-05-13T10:16:33+00:00,61,795,0.18589,25.4,97.7,2
2026-05-13T10:38:10+00:00,62,797,0.18526,25.4,97.7,2
2026-05-13T10:59:46+00:00,63,738,0.20519,25.4,97.7,2
2026-05-13T11:21:24+00:00,64,739,0.20483,25.4,97.8,2
2026-05-13T11:43:00+00:00,65,744,0.20302,25.4,97.8,2
2026-05-13T12:04:37+00:00,66,777,0.19168,25.4,97.8,2
2026-05-13T12:26:14+00:00,67,757,0.19843,25.4,97.8,2
2026-05-13T12:47:50+00:00,68,788,0.18811,25.4,97.8,2
2026-05-13T13:09:27+00:00,69,829,0.17563,25.4,97.8,2
2026-05-13T13:31:02+00:00,70,790,0.18747,25.3,97.9,2
2026-05-13T13:52:40+00:00,71,838,0.17306,25.3,97.9,2
2026-05-13T14:14:17+00:00,72,797,0.18526,25.3,98,2
2026-05-13T14:35:53+00:00,73,729,0.20851,25.3,97.9,2
2026-05-13T14:57:29+00:00,74,727,0.20926,25.3,97.9,2
2026-05-13T15:19:05+00:00,75,735,0.20629,25.3,97.9,2
2026-05-13T15:40:43+00:00,76,735,0.20629,25.3,98,2
2026-05-13T16:02:19+00:00,77,841,0.17221,25.3,97.9,2
2026-05-13T16:23:56+00:00,78,829,0.17563,25.3,97.9,2
2026-05-13T16:45:32+00:00,79,841,0.17221,25.3,97.9,2
2026-05-13T17:07:08+00:00,80,813,0.18035,25.3,98,2
2026-05-13T17:28:44+00:00,81,819,0.17856,25.3,98,2
2026-05-13T17:50:21+00:00,82,841,0.17221,25.3,98.1,2
2026-05-13T18:11:58+00:00,83,807,0.18217,25.3,98.1,2
2026-05-13T18:33:34+00:00,84,839,0.17278,25.3,98.1,2
2026-05-13T18:55:12+00:00,85,883,0.16098,25.3,98.1,2
2026-05-13T19:16:48+00:00,86,807,0.18217,25.3,98.1,2
2026-05-13T19:38:25+00:00,87,797,0.18526,25.2,98.1,2
2026-05-13T20:00:02+00:00,88,807,0.18217,25.2,98.2,2
2026-05-13T20:21:38+00:00,89,823,0.17738,25.2,98.2,2
2026-05-13T20:43:16+00:00,90,873,0.16355,25.2,98.2,2
2026-05-13T21:04:53+00:00,91,859,0.16726,25.2,98.2,2
2026-05-13T21:26:29+00:00,92,843,0.17165,25.2,98.2,2
2026-05-13T21:48:05+00:00,93,799,0.18463,25.2,98.2,2
2026-05-13T22:09:41+00:00,94,823,0.17738,25.2,98.2,2
2026-05-13T22:31:18+00:00,95,751,0.20053,25.2,98.2,2
2026-05-13T22:52:54+00:00,96,761,0.19705,25.2,98.2,2
2026-05-13T23:14:31+00:00,97,500,0.33335,25.2,98.2,2
2026-05-13T23:36:08+00:00,98,563,0.28888,25.3,97,2
2026-05-13T23:57:45+00:00,99,619,0.25695,25.3,98.3,2
2026-05-14T00:19:21+00:00,100,613,0.26009,25.3,98.7,2
2026-05-14T00:40:58+00:00,101,629,0.25185,25.3,98.8,2
2026-05-14T01:02:34+00:00,102,646,0.24353,25.3,98.9,2
2026-05-14T01:24:10+00:00,103,637,0.24788,25.3,99,2
2026-05-14T01:45:47+00:00,104,645,0.24401,25.3,99.1,2
2026-05-14T02:07:24+00:00,105,650,0.24164,25.3,99.1,2
2026-05-14T02:29:00+00:00,106,659,0.23747,25.3,99.2,2
2026-05-14T02:50:37+00:00,107,698,0.22062,25.3,99.3,2
2026-05-14T03:12:14+00:00,108,693,0.22267,25.3,99.2,2
2026-05-14T03:33:50+00:00,109,717,0.21308,25.2,99.3,2
2026-05-14T03:55:27+00:00,110,712,0.21502,25.2,99.3,2
2026-05-14T04:17:04+00:00,111,693,0.22267,25.3,99.3,2
2026-05-14T04:38:41+00:00,112,695,0.22185,25.2,99.4,2
2026-05-14T05:00:17+00:00,113,701,0.2194,25.2,99.4,2
2026-05-14T05:21:54+00:00,114,724,0.2104,25.2,99.3,2
2026-05-14T05:43:30+00:00,115,717,0.21308,25.2,99.4,2
2026-05-14T06:05:07+00:00,116,727,0.20926,25.1,99.4,2
2026-05-14T06:26:44+00:00,117,742,0.20374,25.1,99.4,2
2026-05-14T06:48:20+00:00,118,825,0.1768,25.1,99.4,2
2026-05-14T07:09:58+00:00,119,813,0.18035,25.1,99.4,2
2026-05-14T07:31:35+00:00,120,794,0.1862,25.1,99.4,2
2026-05-14T07:53:12+00:00,121,843,0.17165,25.1,99.5,2
2026-05-14T08:14:48+00:00,122,765,0.19569,25.1,99.5,2
2026-05-14T08:36:25+00:00,123,824,0.17709,25.1,99.5,2
2026-05-14T08:58:01+00:00,124,759,0.19774,25.1,99.4,2
2026-05-14T09:19:37+00:00,125,757,0.19843,25.1,99.5,2
2026-05-14T09:41:13+00:00,126,815,0.17975,25.1,99.4,2
2026-05-14T10:02:49+00:00,127,819,0.17856,25.1,99.4,2
2026-05-14T10:24:26+00:00,128,861,0.16673,25.1,99.5,2
2026-05-14T10:46:02+00:00,129,869,0.1646,25.1,99.5,2
2026-05-14T11:07:38+00:00,130,860,0.167,25,99.5,2
2026-05-14T11:29:14+00:00,131,811,0.18095,25,99.5,2
2026-05-14T11:50:50+00:00,132,821,0.17797,25,99.5,2
2026-05-14T12:12:26+00:00,133,813,0.18035,25,99.6,2
2026-05-14T12:34:03+00:00,134,855,0.16835,25,99.5,2
2026-05-14T12:55:40+00:00,135,827,0.17621,25,99.5,2
2026-05-14T13:17:17+00:00,136,797,0.18526,25,99.5,2
2026-05-14T13:38:54+00:00,137,786,0.18875,25,99.5,2
2026-05-14T14:00:31+00:00,138,797,0.18526,25,99.6,2
2026-05-14T14:22:09+00:00,139,781,0.19037,25,99.5,2
2026-05-14T14:43:46+00:00,140,767,0.19501,25,99.5,2
2026-05-14T15:05:28+00:00,141,743,0.20338,25,99.4,2
2026-05-14T15:27:04+00:00,142,745,0.20266,25.1,99.4,2
2026-05-14T15:48:41+00:00,143,735,0.20629,25.1,99.4,2
2026-05-14T16:10:18+00:00,144,715,0.21385,25.1,99.3,2
2026-05-14T16:31:54+00:00,145,729,0.20851,25.1,99.4,2
2026-05-14T16:53:30+00:00,146,682,0.2273,25.1,99.4,2
2026-05-14T17:15:07+00:00,147,685,0.22602,25.1,99.4,2
2026-05-14T17:36:43+00:00,148,687,0.22518,24.9,99.5,2
2026-05-14T17:58:20+00:00,149,687,0.22518,24.8,99.7,2
2026-05-14T18:19:57+00:00,150,695,0.22185,24.7,99.8,2
2026-05-14T18:41:33+00:00,151,698,0.22062,24.8,99.8,2
2026-05-14T19:03:10+00:00,152,698,0.22062,24.8,99.7,2
2026-05-14T19:24:46+00:00,153,699,0.22021,24.8,99.7,2
2026-05-14T19:46:23+00:00,154,701,0.2194,24.9,99.6,2
2026-05-14T20:07:59+00:00,155,703,0.21859,24.9,99.6,2
2026-05-14T20:29:36+00:00,156,703,0.21859,24.9,99.8,2
2026-05-14T20:51:12+00:00,157,711,0.21541,24.9,99.8,2
2026-05-14T21:12:48+00:00,158,685,0.22602,24.9,99.8,2
2026-05-14T21:34:25+00:00,159,690,0.22392,24.9,99.8,2
2026-05-14T21:56:02+00:00,160,695,0.22185,24.9,99.7,2
2026-05-14T22:17:38+00:00,161,696,0.22144,24.9,99.8,2
2026-05-14T22:39:15+00:00,162,696,0.22144,25,99.8,2
2026-05-14T23:00:52+00:00,163,698,0.22062,25,99.8,2
2026-05-14T23:22:28+00:00,164,699,0.22021,25,99.8,2
2026-05-14T23:44:05+00:00,165,699,0.22021,25,99.8,2
2026-05-15T00:05:41+00:00,166,701,0.2194,25,99.9,2
2026-05-15T00:27:18+00:00,167,701,0.2194,25,99.9,2
2026-05-15T00:48:56+00:00,168,703,0.21859,25,99.9,2
2026-05-15T01:10:32+00:00,169,703,0.21859,25,99.9,2
2026-05-15T01:32:09+00:00,170,704,0.21819,25,99.9,2
2026-05-15T01:53:46+00:00,171,709,0.2162,25,100,2
2026-05-15T02:15:22+00:00,172,709,0.2162,25,100,2
2026-05-15T02:36:59+00:00,173,711,0.21541,25,100,2
2026-05-15T02:58:36+00:00,174,712,0.21502,25,100,2
2026-05-15T03:20:12+00:00,175,712,0.21502,24.9,100,2
2026-05-15T03:41:48+00:00,176,712,0.21502,25,100,2
2026-05-15T04:03:25+00:00,177,713,0.21463,24.9,100,2
2026-05-15T04:25:02+00:00,178,715,0.21385,24.9,100,2
2026-05-15T04:46:38+00:00,179,715,0.21385,24.9,100,2
2026-05-15T05:08:16+00:00,180,713,0.21463,24.9,100,2
2026-05-15T05:29:52+00:00,181,715,0.21385,24.9,100,2
2026-05-15T05:51:29+00:00,182,715,0.21385,25,100,2
2026-05-15T06:13:06+00:00,183,715,0.21385,24.9,100,2
2026-05-15T06:34:42+00:00,184,717,0.21308,24.9,100,2
2026-05-15T06:56:18+00:00,185,716,0.21346,24.9,100,2
2026-05-15T07:17:55+00:00,186,715,0.21385,24.9,100,2
2026-05-15T07:39:31+00:00,187,713,0.21463,24.9,100,2
2026-05-15T23:48:11+02:00,1,439,0.99933,21.4,76.3,2
2026-05-15T23:54:21+02:00,2,539,1.00529,21.9,77.1,2
2026-05-16T00:15:54+02:00,3,559,0.96176,22,75,2
2026-05-16T00:37:29+02:00,4,565,0.94931,22.2,87.5,2
2026-05-16T00:59:06+02:00,5,563,0.95343,22.3,89.9,2
2026-05-16T01:20:42+02:00,6,559,0.96176,22.2,91,2
2026-05-16T01:42:18+02:00,7,557,0.96598,22.2,91.6,2
2026-05-16T02:03:54+02:00,8,557,0.96598,22.1,92.1,2
2026-05-16T02:25:30+02:00,9,557,0.96598,22.1,92.4,2
2026-05-16T02:47:05+02:00,10,565,0.94931,22.1,92.5,2
2026-05-16T03:08:42+02:00,11,563,0.95343,22,92.7,2
2026-05-16T03:30:18+02:00,12,563,0.95343,22,92.7,2
2026-05-16T03:51:54+02:00,13,559,0.96176,22,92.8,2
2026-05-16T04:13:31+02:00,14,562,0.9555,21.9,93,2
2026-05-16T04:35:07+02:00,15,562,0.9555,21.9,93,2
2026-05-16T04:56:42+02:00,16,563,0.95343,21.9,93.1,2
2026-05-16T05:18:19+02:00,17,559,0.96176,21.9,93.2,2
2026-05-16T05:39:55+02:00,18,563,0.95343,21.8,93.2,2
2026-05-16T06:01:31+02:00,19,563,0.95343,21.8,93.3,2
2026-05-16T06:23:07+02:00,20,564,0.95136,21.8,93.3,2
2026-05-16T06:44:43+02:00,21,565,0.94931,21.8,93.5,2
2026-05-16T07:06:19+02:00,22,565,0.94931,21.8,93.4,2
2026-05-16T07:27:56+02:00,23,565,0.94931,21.8,93.5,2
2026-05-16T07:49:32+02:00,24,567,0.94521,21.7,93.6,2
2026-05-16T08:11:08+02:00,25,567,0.94521,21.7,93.6,2
2026-05-16T08:32:45+02:00,26,566,0.94725,21.7,93.6,2
2026-05-16T08:54:21+02:00,27,567,0.94521,21.7,93.7,2
2026-05-16T09:15:57+02:00,28,569,0.94115,21.6,93.8,2
2026-05-16T09:37:33+02:00,29,568,0.94317,21.6,93.7,2
2026-05-16T09:59:09+02:00,30,568,0.94317,21.6,93.8,2
2026-05-16T10:20:46+02:00,31,567,0.94521,21.6,93.8,2
2026-05-16T10:42:22+02:00,32,563,0.95343,21.6,93.7,2
2026-05-16T11:03:58+02:00,33,559,0.96176,21.6,93.7,2
2026-05-16T11:25:34+02:00,34,557,0.96598,21.4,94.2,2
2026-05-16T11:47:10+02:00,35,557,0.96598,21.1,94.6,2
2026-05-16T12:08:46+02:00,36,555,0.97022,21,94.6,2
2026-05-16T12:30:21+02:00,37,557,0.96598,20.9,94.6,2
2026-05-16T12:51:57+02:00,38,559,0.96176,20.9,94.4,2
2026-05-16T13:13:34+02:00,39,558,0.96387,21,93.9,2
